series_id,surface
0,soft_tiles
1,carpet
2,concrete
3,soft_tiles
4,hard_tiles
5,carpet
6,soft_pvc
7,hard_tiles_large_space
8,concrete
9,tiled
10,soft_pvc
11,wood
12,concrete
13,carpet
14,soft_pvc
15,fine_concrete
16,soft_tiles
17,concrete
18,hard_tiles
19,tiled
20,carpet
21,concrete
22,soft_pvc
23,fine_concrete
24,carpet
25,soft_tiles
26,carpet
27,wood
28,soft_pvc
29,soft_tiles
30,wood
31,fine_concrete
32,concrete
33,hard_tiles_large_space
34,hard_tiles
35,carpet
36,soft_pvc
37,carpet
38,fine_concrete
39,soft_pvc
40,fine_concrete
41,carpet
42,carpet
43,tiled
44,soft_tiles
45,fine_concrete
46,wood
47,soft_tiles
48,wood
49,tiled
50,wood
51,fine_concrete
52,concrete
53,concrete
54,fine_concrete
55,soft_pvc
56,soft_pvc
57,hard_tiles
58,soft_pvc
59,soft_tiles
60,hard_tiles_large_space
61,concrete
62,carpet
63,wood
64,tiled
65,tiled
66,concrete
67,soft_tiles
68,soft_pvc
69,tiled
70,soft_tiles
71,hard_tiles_large_space
72,soft_pvc
73,carpet
74,fine_concrete
75,fine_concrete
76,tiled
77,carpet
78,soft_pvc
79,carpet
80,hard_tiles_large_space
81,soft_pvc
82,wood
83,carpet
84,tiled
85,soft_tiles
86,hard_tiles
87,tiled
88,hard_tiles_large_space
89,wood
90,fine_concrete
91,fine_concrete
92,soft_pvc
93,fine_concrete
94,soft_tiles
95,soft_tiles
96,soft_tiles
97,hard_tiles_large_space
98,concrete
99,soft_tiles
100,carpet
101,hard_tiles
102,tiled
103,concrete
104,soft_pvc
105,hard_tiles_large_space
106,soft_tiles
107,soft_pvc
108,wood
109,carpet
110,hard_tiles_large_space
111,concrete
112,tiled
113,soft_tiles
114,soft_pvc
115,fine_concrete
116,concrete
117,hard_tiles
118,soft_tiles
119,concrete
120,wood
121,tiled
122,hard_tiles_large_space
123,hard_tiles_large_space
124,fine_concrete
125,wood
126,hard_tiles
127,hard_tiles
128,carpet
129,tiled
130,wood
131,concrete
132,hard_tiles_large_space
133,carpet
134,tiled
135,carpet
136,soft_pvc
137,concrete
138,hard_tiles
139,carpet
140,soft_pvc
141,tiled
142,soft_pvc
143,hard_tiles
144,fine_concrete
145,soft_tiles
146,tiled
147,concrete
148,concrete
149,wood
150,hard_tiles_large_space
151,tiled
152,fine_concrete
153,tiled
154,soft_pvc
155,concrete
156,tiled
157,fine_concrete
158,tiled
159,soft_pvc
160,soft_pvc
161,tiled
162,carpet
163,soft_tiles
164,soft_pvc
165,carpet
166,soft_tiles
167,hard_tiles_large_space
168,soft_pvc
169,hard_tiles_large_space
170,concrete
171,soft_pvc
172,hard_tiles_large_space
173,hard_tiles_large_space
174,hard_tiles
175,soft_pvc
176,concrete
177,concrete
178,soft_tiles
179,hard_tiles_large_space
180,wood
181,soft_tiles
182,carpet
183,fine_concrete
184,carpet
185,tiled
186,soft_tiles
187,tiled
188,concrete
189,soft_tiles
190,soft_pvc
191,soft_tiles
192,soft_tiles
193,concrete
194,fine_concrete
195,soft_tiles
196,soft_tiles
197,soft_pvc
198,fine_concrete
199,wood
200,carpet
201,hard_tiles_large_space
202,soft_tiles
203,tiled
204,carpet
205,soft_pvc
206,hard_tiles
207,hard_tiles
208,carpet
209,hard_tiles_large_space
210,wood
211,hard_tiles_large_space
212,concrete
213,hard_tiles_large_space
214,hard_tiles
215,hard_tiles
216,carpet
217,carpet
218,fine_concrete
219,carpet
220,carpet
221,soft_tiles
222,carpet
223,tiled
224,wood
225,hard_tiles
226,carpet
227,soft_tiles
228,concrete
229,wood
230,fine_concrete
231,carpet
232,tiled
233,soft_tiles
234,carpet
235,soft_tiles
236,hard_tiles_large_space
237,concrete
238,wood
239,soft_tiles
240,soft_tiles
241,concrete
242,tiled
243,hard_tiles_large_space
244,soft_tiles
245,tiled
246,wood
247,hard_tiles
248,hard_tiles_large_space
249,hard_tiles
250,wood
251,fine_concrete
252,fine_concrete
253,hard_tiles_large_space
254,fine_concrete
255,soft_tiles
256,wood
257,fine_concrete
258,tiled
259,hard_tiles
260,carpet
261,soft_tiles
262,carpet
263,hard_tiles
264,tiled
265,tiled
266,hard_tiles
267,carpet
268,wood
269,hard_tiles_large_space
270,soft_pvc
271,hard_tiles_large_space
272,tiled
273,carpet
274,wood
275,hard_tiles
276,hard_tiles_large_space
277,tiled
278,concrete
279,fine_concrete
280,concrete
281,soft_pvc
282,fine_concrete
283,hard_tiles_large_space
284,carpet
285,fine_concrete
286,tiled
287,wood
288,hard_tiles
289,hard_tiles_large_space
290,soft_pvc
291,soft_tiles
292,soft_tiles
293,concrete
294,fine_concrete
295,soft_tiles
296,hard_tiles_large_space
297,fine_concrete
298,hard_tiles
299,carpet
300,wood
301,hard_tiles
302,fine_concrete
303,carpet
304,tiled
305,fine_concrete
306,soft_pvc
307,hard_tiles_large_space
308,hard_tiles_large_space
309,fine_concrete
310,hard_tiles
311,hard_tiles_large_space
312,soft_tiles
313,hard_tiles_large_space
314,fine_concrete
315,carpet
316,carpet
317,tiled
318,concrete
319,hard_tiles
320,hard_tiles
321,carpet
322,fine_concrete
323,soft_tiles
324,hard_tiles
325,wood
326,fine_concrete
327,concrete
328,soft_pvc
329,hard_tiles_large_space
330,concrete
331,hard_tiles
332,hard_tiles_large_space
333,concrete
334,carpet
335,soft_tiles
336,hard_tiles_large_space
337,wood
338,hard_tiles_large_space
339,carpet
340,hard_tiles_large_space
341,hard_tiles_large_space
342,soft_pvc
343,hard_tiles
344,soft_tiles
345,tiled
346,hard_tiles
347,tiled
348,soft_tiles
349,wood
350,tiled
351,fine_concrete
352,carpet
353,hard_tiles
354,concrete
355,concrete
356,wood
357,hard_tiles_large_space
358,carpet
359,hard_tiles
360,tiled
361,soft_tiles
362,wood
363,hard_tiles_large_space
364,hard_tiles_large_space
365,soft_tiles
366,concrete
367,carpet
368,soft_pvc
369,fine_concrete
370,hard_tiles_large_space
371,concrete
372,soft_pvc
373,soft_tiles
374,soft_pvc
375,wood
376,hard_tiles
377,soft_tiles
378,carpet
379,concrete
380,concrete
381,hard_tiles_large_space
382,tiled
383,soft_pvc
384,hard_tiles_large_space
385,hard_tiles_large_space
386,concrete
387,hard_tiles
388,carpet
389,fine_concrete
390,soft_pvc
391,concrete
392,hard_tiles_large_space
393,carpet
394,hard_tiles_large_space
395,concrete
396,soft_pvc
397,carpet
398,carpet
399,concrete
400,carpet
401,wood
402,concrete
403,soft_pvc
404,tiled
405,fine_concrete
406,hard_tiles_large_space
407,soft_tiles
408,wood
409,concrete
410,soft_pvc
411,carpet
412,soft_tiles
413,tiled
414,concrete
415,tiled
416,concrete
417,soft_tiles
418,tiled
419,carpet
420,hard_tiles
421,hard_tiles
422,hard_tiles_large_space
423,hard_tiles
424,hard_tiles
425,soft_tiles
426,hard_tiles_large_space
427,soft_tiles
428,tiled
429,fine_concrete
430,hard_tiles
431,hard_tiles_large_space
432,concrete
433,fine_concrete
434,concrete
435,fine_concrete
436,concrete
437,hard_tiles_large_space
438,tiled
439,hard_tiles
440,carpet
441,hard_tiles_large_space
442,hard_tiles
443,soft_pvc
444,fine_concrete
445,soft_pvc
446,tiled
447,concrete
448,wood
449,fine_concrete
450,hard_tiles
451,hard_tiles
452,tiled
453,wood
454,carpet
455,wood
456,hard_tiles_large_space
457,carpet
458,hard_tiles_large_space
459,hard_tiles_large_space
460,hard_tiles
461,hard_tiles
462,soft_pvc
463,wood
464,soft_tiles
465,soft_tiles
466,hard_tiles
467,tiled
468,hard_tiles
469,soft_tiles
470,soft_tiles
471,concrete
472,carpet
473,carpet
474,hard_tiles
475,hard_tiles_large_space
476,carpet
477,hard_tiles
478,soft_tiles
479,hard_tiles_large_space
480,soft_tiles
481,hard_tiles_large_space
482,fine_concrete
483,hard_tiles
484,soft_tiles
485,soft_tiles
486,fine_concrete
487,wood
488,concrete
489,wood
490,wood
491,tiled
492,hard_tiles
493,carpet
494,soft_pvc
495,tiled
496,hard_tiles_large_space
497,carpet
498,hard_tiles_large_space
499,hard_tiles_large_space
500,soft_tiles
501,fine_concrete
502,soft_pvc
503,soft_pvc
504,concrete
505,hard_tiles_large_space
506,hard_tiles
507,soft_tiles
508,hard_tiles
509,hard_tiles_large_space
510,carpet
511,concrete
512,fine_concrete
513,soft_tiles
514,carpet
515,hard_tiles_large_space
516,soft_pvc
517,carpet
518,wood
519,wood
520,hard_tiles
521,wood
522,hard_tiles_large_space
523,fine_concrete
524,hard_tiles_large_space
525,hard_tiles
526,hard_tiles_large_space
527,hard_tiles_large_space
528,tiled
529,concrete
530,soft_pvc
531,carpet
532,hard_tiles_large_space
533,tiled
534,soft_pvc
535,hard_tiles_large_space
536,wood
537,hard_tiles_large_space
538,carpet
539,hard_tiles
540,hard_tiles
541,tiled
542,hard_tiles_large_space
543,tiled
544,wood
545,hard_tiles_large_space
546,soft_tiles
547,hard_tiles
548,concrete
549,concrete
550,wood
551,hard_tiles_large_space
552,carpet
553,concrete
554,concrete
555,tiled
556,carpet
557,hard_tiles
558,fine_concrete
559,hard_tiles
560,wood
561,hard_tiles
562,hard_tiles
563,hard_tiles
564,fine_concrete
565,concrete
566,hard_tiles
567,tiled
568,soft_tiles
569,soft_tiles
570,soft_tiles
571,carpet
572,concrete
573,soft_pvc
574,soft_pvc
575,fine_concrete
576,tiled
577,hard_tiles
578,soft_pvc
579,tiled
580,concrete
581,soft_pvc
582,fine_concrete
583,soft_pvc
584,fine_concrete
585,carpet
586,fine_concrete
587,soft_pvc
588,concrete
589,wood
590,soft_tiles
591,carpet
592,tiled
593,concrete
594,concrete
595,concrete
596,soft_tiles
597,hard_tiles
598,hard_tiles_large_space
599,tiled
600,tiled
601,concrete
602,tiled
603,carpet
604,soft_pvc
605,hard_tiles
606,tiled
607,hard_tiles_large_space
608,fine_concrete
609,concrete
610,hard_tiles
611,wood
612,hard_tiles
613,fine_concrete
614,soft_pvc
615,concrete
616,hard_tiles
617,hard_tiles_large_space
618,soft_tiles
619,hard_tiles
620,hard_tiles
621,hard_tiles
622,soft_pvc
623,soft_pvc
624,soft_pvc
625,wood
626,carpet
627,soft_tiles
628,soft_tiles
629,concrete
630,tiled
631,concrete
632,soft_tiles
633,wood
634,concrete
635,hard_tiles
636,hard_tiles
637,soft_pvc
638,wood
639,soft_pvc
640,hard_tiles_large_space
641,soft_pvc
642,hard_tiles_large_space
643,wood
644,soft_tiles
645,fine_concrete
646,hard_tiles
647,fine_concrete
648,hard_tiles
649,tiled
650,concrete
651,carpet
652,soft_pvc
653,hard_tiles_large_space
654,tiled
655,carpet
656,tiled
657,carpet
658,soft_tiles
659,tiled
660,tiled
661,carpet
662,fine_concrete
663,wood
664,hard_tiles_large_space
665,wood
666,concrete
667,soft_pvc
668,soft_tiles
669,concrete
670,soft_pvc
671,hard_tiles
672,hard_tiles
673,concrete
674,concrete
675,concrete
676,fine_concrete
677,hard_tiles
678,soft_tiles
679,fine_concrete
680,fine_concrete
681,hard_tiles_large_space
682,hard_tiles_large_space
683,soft_tiles
684,concrete
685,concrete
686,carpet
687,concrete
688,wood
689,hard_tiles_large_space
690,concrete
691,fine_concrete
692,hard_tiles
693,fine_concrete
694,hard_tiles_large_space
695,wood
696,carpet
697,tiled
698,carpet
699,carpet
700,concrete
701,concrete
702,soft_pvc
703,wood
704,carpet
705,hard_tiles
706,soft_pvc
707,fine_concrete
708,hard_tiles_large_space
709,carpet
710,fine_concrete
711,fine_concrete
712,fine_concrete
713,hard_tiles
714,wood
715,hard_tiles_large_space
716,carpet
717,hard_tiles_large_space
718,hard_tiles
719,hard_tiles
720,tiled
721,soft_pvc
722,hard_tiles
723,hard_tiles_large_space
724,concrete
725,wood
726,soft_pvc
727,hard_tiles_large_space
728,soft_pvc
729,soft_tiles
730,carpet
731,wood
732,soft_pvc
733,hard_tiles
734,tiled
735,fine_concrete
736,wood
737,soft_tiles
738,carpet
739,carpet
740,soft_pvc
741,wood
742,tiled
743,soft_pvc
744,soft_tiles
745,concrete
746,soft_pvc
747,soft_pvc
748,tiled
749,soft_pvc
750,soft_pvc
751,hard_tiles_large_space
752,carpet
753,concrete
754,hard_tiles
755,soft_tiles
756,hard_tiles_large_space
757,wood
758,concrete
759,carpet
760,fine_concrete
761,fine_concrete
762,carpet
763,soft_tiles
764,soft_pvc
765,fine_concrete
766,fine_concrete
767,wood
768,hard_tiles_large_space
769,fine_concrete
770,tiled
771,wood
772,hard_tiles
773,soft_tiles
774,hard_tiles
775,soft_pvc
776,wood
777,tiled
778,concrete
779,carpet
780,soft_pvc
781,hard_tiles_large_space
782,hard_tiles_large_space
783,fine_concrete
784,hard_tiles_large_space
785,fine_concrete
786,soft_pvc
787,soft_tiles
788,soft_pvc
789,hard_tiles_large_space
790,wood
791,soft_tiles
792,wood
793,wood
794,wood
795,hard_tiles
796,hard_tiles_large_space
797,fine_concrete
798,hard_tiles
799,wood
800,fine_concrete
801,soft_tiles
802,soft_pvc
803,hard_tiles
804,tiled
805,hard_tiles_large_space
806,wood
807,soft_tiles
808,fine_concrete
809,carpet
810,soft_pvc
811,soft_pvc
812,soft_tiles
813,tiled
814,tiled
815,hard_tiles_large_space
816,fine_concrete
817,fine_concrete
818,soft_tiles
819,soft_tiles
820,soft_pvc
821,concrete
822,fine_concrete
823,soft_tiles
824,tiled
825,soft_tiles
826,carpet
827,soft_pvc
828,soft_pvc
829,wood
830,wood
831,hard_tiles_large_space
832,concrete
833,soft_tiles
834,hard_tiles
835,concrete
836,soft_tiles
837,soft_pvc
838,tiled
839,soft_tiles
840,fine_concrete
841,hard_tiles
842,hard_tiles
843,wood
844,tiled
845,carpet
846,hard_tiles
847,soft_pvc
848,soft_tiles
849,soft_tiles
850,hard_tiles_large_space
851,tiled
852,soft_tiles
853,hard_tiles_large_space
854,carpet
855,soft_pvc
856,carpet
857,tiled
858,concrete
859,hard_tiles_large_space
860,tiled
861,tiled
862,tiled
863,wood
864,carpet
865,carpet
866,hard_tiles
867,fine_concrete
868,hard_tiles_large_space
869,soft_tiles
870,soft_tiles
871,hard_tiles
872,fine_concrete
873,concrete
874,soft_tiles
875,tiled
876,hard_tiles
877,concrete
878,hard_tiles
879,concrete
880,hard_tiles
881,soft_tiles
882,soft_pvc
883,carpet
884,soft_tiles
885,tiled
886,hard_tiles_large_space
887,carpet
888,wood
889,soft_pvc
890,carpet
891,soft_tiles
892,soft_tiles
893,wood
894,hard_tiles
895,soft_tiles
896,carpet
897,carpet
898,concrete
899,soft_tiles
900,tiled
901,tiled
902,soft_tiles
903,carpet
904,hard_tiles
905,fine_concrete
906,carpet
907,wood
908,hard_tiles_large_space
909,concrete
910,soft_pvc
911,hard_tiles
912,soft_pvc
913,concrete
914,fine_concrete
915,soft_pvc
916,wood
917,hard_tiles
918,wood
919,wood
920,hard_tiles_large_space
921,hard_tiles_large_space
922,hard_tiles_large_space
923,carpet
924,fine_concrete
925,concrete
926,hard_tiles
927,wood
928,fine_concrete
929,fine_concrete
930,fine_concrete
931,hard_tiles
932,soft_tiles
933,hard_tiles_large_space
934,concrete
935,fine_concrete
936,fine_concrete
937,soft_pvc
938,wood
939,soft_pvc
940,fine_concrete
941,fine_concrete
942,concrete
943,hard_tiles
944,fine_concrete
945,tiled
946,hard_tiles
947,hard_tiles_large_space
948,concrete
949,wood
950,hard_tiles
951,fine_concrete
952,concrete
953,tiled
954,carpet
955,hard_tiles
956,hard_tiles_large_space
957,carpet
958,carpet
959,wood
960,carpet
961,wood
962,fine_concrete
963,fine_concrete
964,soft_tiles
965,tiled
966,soft_pvc
967,hard_tiles
968,hard_tiles
969,carpet
970,soft_pvc
971,soft_pvc
972,hard_tiles_large_space
973,wood
974,fine_concrete
975,concrete
976,wood
977,soft_pvc
978,hard_tiles
979,concrete
980,hard_tiles_large_space
981,hard_tiles_large_space
982,fine_concrete
983,concrete
984,hard_tiles_large_space
985,soft_tiles
986,concrete
987,hard_tiles_large_space
988,soft_tiles
989,hard_tiles_large_space
990,soft_pvc
991,soft_tiles
992,hard_tiles
993,hard_tiles_large_space
994,carpet
995,hard_tiles_large_space
996,concrete
997,concrete
998,hard_tiles_large_space
999,wood
1000,concrete
1001,concrete
1002,fine_concrete
1003,hard_tiles
1004,soft_tiles
1005,soft_pvc
1006,wood
1007,tiled
1008,hard_tiles_large_space
1009,soft_tiles
1010,carpet
1011,tiled
1012,soft_pvc
1013,hard_tiles
1014,wood
1015,carpet
1016,tiled
1017,soft_tiles
1018,soft_tiles
1019,tiled
1020,soft_pvc
1021,tiled
1022,soft_tiles
1023,hard_tiles
1024,fine_concrete
1025,hard_tiles_large_space
1026,soft_pvc
1027,hard_tiles_large_space
1028,tiled
1029,wood
1030,fine_concrete
1031,tiled
1032,carpet
1033,carpet
1034,soft_tiles
1035,concrete
1036,hard_tiles
1037,concrete
1038,hard_tiles
1039,hard_tiles_large_space
1040,soft_pvc
1041,hard_tiles
1042,carpet
1043,hard_tiles_large_space
1044,soft_pvc
1045,soft_tiles
1046,carpet
1047,concrete
1048,carpet
1049,fine_concrete
1050,concrete
1051,fine_concrete
1052,tiled
1053,carpet
1054,soft_tiles
1055,hard_tiles_large_space
1056,concrete
1057,wood
1058,soft_tiles
1059,soft_pvc
1060,carpet
1061,concrete
1062,fine_concrete
1063,soft_pvc
1064,hard_tiles
1065,hard_tiles
1066,tiled
1067,concrete
1068,soft_tiles
1069,tiled
1070,carpet
1071,soft_pvc
1072,carpet
1073,hard_tiles
1074,fine_concrete
1075,soft_pvc
1076,soft_pvc
1077,hard_tiles
1078,soft_pvc
1079,carpet
1080,carpet
1081,concrete
1082,fine_concrete
1083,wood
1084,carpet
1085,soft_pvc
1086,tiled
1087,soft_pvc
1088,concrete
1089,hard_tiles
1090,tiled
1091,carpet
1092,hard_tiles
1093,fine_concrete
1094,soft_pvc
1095,wood
1096,hard_tiles_large_space
1097,soft_tiles
1098,hard_tiles_large_space
1099,carpet
1100,hard_tiles
1101,fine_concrete
1102,tiled
1103,hard_tiles
1104,wood
1105,carpet
1106,hard_tiles_large_space
1107,soft_tiles
1108,concrete
1109,soft_pvc
1110,concrete
1111,tiled
1112,soft_pvc
1113,tiled
1114,fine_concrete
1115,tiled
1116,soft_pvc
1117,soft_pvc
1118,soft_tiles
1119,concrete
1120,tiled
1121,soft_tiles
1122,hard_tiles
1123,hard_tiles_large_space
1124,concrete
1125,carpet
1126,wood
1127,carpet
1128,soft_pvc
1129,concrete
1130,hard_tiles
1131,soft_pvc
1132,carpet
1133,tiled
1134,fine_concrete
1135,soft_tiles
1136,concrete
1137,wood
1138,tiled
1139,hard_tiles_large_space
1140,soft_pvc
1141,wood
1142,carpet
1143,hard_tiles
1144,soft_pvc
1145,soft_tiles
1146,fine_concrete
1147,tiled
1148,concrete
1149,wood
1150,wood
1151,tiled
1152,wood
1153,wood
1154,concrete
1155,tiled
1156,fine_concrete
1157,wood
1158,soft_pvc
1159,hard_tiles_large_space
1160,tiled
1161,wood
1162,wood
1163,tiled
1164,hard_tiles
1165,tiled
1166,soft_tiles
1167,concrete
1168,soft_pvc
1169,carpet
1170,fine_concrete
1171,soft_pvc
1172,fine_concrete
1173,hard_tiles_large_space
1174,hard_tiles
1175,soft_tiles
1176,carpet
1177,hard_tiles_large_space
1178,tiled
1179,hard_tiles
1180,hard_tiles_large_space
1181,fine_concrete
1182,soft_pvc
1183,soft_tiles
1184,hard_tiles_large_space
1185,hard_tiles
1186,soft_pvc
1187,fine_concrete
1188,hard_tiles
1189,hard_tiles_large_space
1190,wood
1191,wood
1192,carpet
1193,soft_pvc
1194,fine_concrete
1195,tiled
1196,carpet
1197,soft_tiles
1198,carpet
1199,tiled
1200,fine_concrete
1201,wood
1202,concrete
1203,soft_tiles
1204,concrete
1205,wood
1206,soft_tiles
1207,soft_tiles
1208,hard_tiles
1209,soft_tiles
1210,soft_tiles
1211,soft_tiles
1212,concrete
1213,carpet
1214,carpet
1215,wood
1216,hard_tiles
1217,carpet
1218,hard_tiles
1219,soft_tiles
1220,wood
1221,carpet
1222,tiled
1223,concrete
1224,hard_tiles_large_space
1225,hard_tiles_large_space
1226,wood
1227,concrete
1228,fine_concrete
1229,carpet
1230,carpet
1231,concrete
1232,fine_concrete
1233,tiled
1234,wood
1235,hard_tiles
1236,soft_pvc
1237,hard_tiles_large_space
1238,carpet
1239,hard_tiles_large_space
1240,hard_tiles_large_space
1241,tiled
1242,tiled
1243,hard_tiles
1244,hard_tiles
1245,carpet
1246,soft_tiles
1247,tiled
1248,fine_concrete
1249,tiled
1250,concrete
1251,carpet
1252,wood
1253,hard_tiles
1254,carpet
1255,carpet
1256,soft_tiles
1257,tiled
1258,wood
1259,fine_concrete
1260,concrete
1261,wood
1262,tiled
1263,soft_tiles
1264,hard_tiles_large_space
1265,fine_concrete
1266,wood
1267,wood
1268,hard_tiles
1269,fine_concrete
1270,hard_tiles
1271,soft_tiles
1272,soft_pvc
1273,tiled
1274,soft_pvc
1275,carpet
1276,concrete
1277,hard_tiles
1278,soft_tiles
1279,carpet
1280,hard_tiles_large_space
1281,fine_concrete
1282,hard_tiles
1283,fine_concrete
1284,fine_concrete
1285,wood
1286,hard_tiles
1287,carpet
1288,tiled
1289,soft_pvc
1290,hard_tiles
1291,soft_tiles
1292,tiled
1293,hard_tiles
1294,carpet
1295,tiled
1296,hard_tiles
1297,fine_concrete
1298,soft_pvc
1299,soft_pvc
1300,soft_pvc
1301,fine_concrete
1302,tiled
1303,fine_concrete
1304,carpet
1305,hard_tiles_large_space
1306,tiled
1307,hard_tiles_large_space
1308,soft_pvc
1309,carpet
1310,fine_concrete
1311,hard_tiles
1312,concrete
1313,wood
1314,soft_pvc
1315,wood
1316,wood
1317,hard_tiles_large_space
1318,fine_concrete
1319,hard_tiles_large_space
1320,hard_tiles_large_space
1321,carpet
1322,concrete
1323,hard_tiles_large_space
1324,soft_pvc
1325,carpet
1326,hard_tiles
1327,hard_tiles
1328,wood
1329,concrete
1330,tiled
1331,concrete
1332,soft_tiles
1333,carpet
1334,concrete
1335,soft_tiles
1336,hard_tiles_large_space
1337,fine_concrete
1338,soft_pvc
1339,wood
1340,soft_tiles
1341,concrete
1342,carpet
1343,hard_tiles
1344,hard_tiles_large_space
1345,concrete
1346,soft_tiles
1347,carpet
1348,fine_concrete
1349,hard_tiles_large_space
1350,fine_concrete
1351,concrete
1352,soft_tiles
1353,fine_concrete
1354,tiled
1355,hard_tiles
1356,tiled
1357,tiled
1358,concrete
1359,wood
1360,carpet
1361,wood
1362,hard_tiles_large_space
1363,soft_tiles
1364,concrete
1365,carpet
1366,soft_pvc
1367,wood
1368,wood
1369,concrete
1370,tiled
1371,fine_concrete
1372,wood
1373,carpet
1374,hard_tiles
1375,concrete
1376,hard_tiles_large_space
1377,wood
1378,hard_tiles_large_space
1379,hard_tiles_large_space
1380,fine_concrete
1381,hard_tiles_large_space
1382,soft_tiles
1383,hard_tiles_large_space
1384,hard_tiles
1385,soft_pvc
1386,tiled
1387,carpet
1388,tiled
1389,soft_tiles
1390,wood
1391,soft_pvc
1392,carpet
1393,soft_pvc
1394,concrete
1395,wood
1396,carpet
1397,tiled
1398,soft_tiles
1399,tiled
1400,fine_concrete
1401,fine_concrete
1402,tiled
1403,fine_concrete
1404,carpet
1405,wood
1406,concrete
1407,concrete
1408,hard_tiles_large_space
1409,hard_tiles
1410,hard_tiles
1411,hard_tiles
1412,concrete
1413,carpet
1414,wood
1415,carpet
1416,carpet
1417,soft_tiles
1418,hard_tiles_large_space
1419,wood
1420,tiled
1421,soft_pvc
1422,hard_tiles
1423,hard_tiles
1424,hard_tiles
1425,hard_tiles
1426,wood
1427,soft_tiles
1428,concrete
1429,wood
1430,hard_tiles
1431,soft_tiles
1432,hard_tiles
1433,concrete
1434,fine_concrete
1435,fine_concrete
1436,wood
1437,hard_tiles_large_space
1438,fine_concrete
1439,hard_tiles
1440,tiled
1441,carpet
1442,hard_tiles_large_space
1443,soft_pvc
1444,hard_tiles_large_space
1445,hard_tiles
1446,hard_tiles_large_space
1447,tiled
1448,concrete
1449,hard_tiles_large_space
1450,carpet
1451,hard_tiles_large_space
1452,fine_concrete
1453,carpet
1454,wood
1455,carpet
1456,fine_concrete
1457,wood
1458,tiled
1459,wood
1460,carpet
1461,hard_tiles_large_space
1462,hard_tiles
1463,hard_tiles_large_space
1464,fine_concrete
1465,concrete
1466,tiled
1467,carpet
1468,soft_tiles
1469,soft_tiles
1470,hard_tiles
1471,soft_pvc
1472,carpet
1473,carpet
1474,hard_tiles
1475,carpet
1476,concrete
1477,concrete
1478,soft_pvc
1479,fine_concrete
1480,wood
1481,soft_tiles
1482,hard_tiles_large_space
1483,wood
1484,concrete
1485,fine_concrete
1486,fine_concrete
1487,hard_tiles
1488,carpet
1489,hard_tiles_large_space
1490,tiled
1491,hard_tiles
1492,carpet
1493,concrete
1494,hard_tiles
1495,wood
1496,wood
1497,hard_tiles
1498,hard_tiles
1499,fine_concrete
1500,carpet
1501,wood
1502,fine_concrete
1503,hard_tiles
1504,hard_tiles_large_space
1505,tiled
1506,soft_pvc
1507,carpet
1508,carpet
1509,concrete
1510,soft_pvc
1511,soft_tiles
1512,hard_tiles_large_space
1513,hard_tiles_large_space
1514,soft_tiles
1515,soft_tiles
1516,concrete
1517,soft_pvc
1518,soft_tiles
1519,carpet
1520,concrete
1521,hard_tiles
1522,hard_tiles_large_space
1523,concrete
1524,fine_concrete
1525,wood
1526,tiled
1527,concrete
1528,hard_tiles
1529,soft_tiles
1530,soft_tiles
1531,hard_tiles_large_space
1532,wood
1533,concrete
1534,tiled
1535,hard_tiles
1536,soft_tiles
1537,soft_tiles
1538,hard_tiles
1539,soft_pvc
1540,hard_tiles
1541,fine_concrete
1542,soft_tiles
1543,hard_tiles_large_space
1544,tiled
1545,fine_concrete
1546,hard_tiles_large_space
1547,fine_concrete
1548,hard_tiles_large_space
1549,fine_concrete
1550,hard_tiles_large_space
1551,soft_pvc
1552,concrete
1553,soft_tiles
1554,wood
1555,carpet
1556,soft_tiles
1557,tiled
1558,hard_tiles
1559,fine_concrete
1560,wood
1561,soft_pvc
1562,soft_pvc
1563,soft_tiles
1564,fine_concrete
1565,fine_concrete
1566,tiled
1567,soft_pvc
1568,hard_tiles
1569,concrete
1570,tiled
1571,concrete
1572,hard_tiles
1573,carpet
1574,soft_pvc
1575,soft_tiles
1576,wood
1577,soft_pvc
1578,hard_tiles
1579,soft_tiles
1580,fine_concrete
1581,concrete
1582,soft_pvc
1583,soft_tiles
1584,fine_concrete
1585,concrete
1586,fine_concrete
1587,hard_tiles
1588,hard_tiles
1589,soft_tiles
1590,fine_concrete
1591,hard_tiles
1592,soft_pvc
1593,fine_concrete
1594,wood
1595,hard_tiles
1596,soft_tiles
1597,hard_tiles_large_space
1598,tiled
1599,fine_concrete
1600,carpet
1601,wood
1602,carpet
1603,soft_pvc
1604,fine_concrete
1605,soft_pvc
1606,soft_tiles
1607,hard_tiles
1608,soft_pvc
1609,tiled
1610,soft_tiles
1611,carpet
1612,hard_tiles
1613,carpet
1614,soft_tiles
1615,hard_tiles
1616,soft_tiles
1617,soft_tiles
1618,hard_tiles
1619,soft_tiles
1620,concrete
1621,fine_concrete
1622,wood
1623,wood
1624,fine_concrete
1625,hard_tiles_large_space
1626,hard_tiles_large_space
1627,fine_concrete
1628,tiled
1629,carpet
1630,soft_pvc
1631,concrete
1632,hard_tiles_large_space
1633,hard_tiles_large_space
1634,tiled
1635,concrete
1636,soft_tiles
1637,concrete
1638,soft_pvc
1639,fine_concrete
1640,fine_concrete
1641,hard_tiles_large_space
1642,concrete
1643,soft_tiles
1644,hard_tiles_large_space
1645,concrete
1646,soft_tiles
1647,carpet
1648,concrete
1649,hard_tiles
1650,concrete
1651,wood
1652,fine_concrete
1653,hard_tiles
1654,hard_tiles_large_space
1655,concrete
1656,concrete
1657,hard_tiles_large_space
1658,tiled
1659,hard_tiles_large_space
1660,hard_tiles_large_space
1661,tiled
1662,concrete
1663,tiled
1664,fine_concrete
1665,fine_concrete
1666,hard_tiles
1667,hard_tiles
1668,carpet
1669,wood
1670,hard_tiles
1671,carpet
1672,soft_pvc
1673,soft_tiles
1674,wood
1675,soft_pvc
1676,concrete
1677,wood
1678,concrete
1679,soft_tiles
1680,wood
1681,concrete
1682,concrete
1683,hard_tiles
1684,soft_tiles
1685,soft_pvc
1686,soft_pvc
1687,soft_tiles
1688,tiled
1689,hard_tiles_large_space
1690,fine_concrete
1691,hard_tiles_large_space
1692,fine_concrete
1693,hard_tiles_large_space
1694,wood
1695,carpet
1696,carpet
1697,hard_tiles_large_space
1698,fine_concrete
1699,tiled
1700,tiled
1701,carpet
1702,hard_tiles_large_space
1703,fine_concrete
1704,soft_pvc
1705,hard_tiles
1706,concrete
1707,tiled
1708,concrete
1709,hard_tiles
1710,concrete
1711,hard_tiles
1712,hard_tiles_large_space
1713,hard_tiles_large_space
1714,concrete
1715,concrete
1716,hard_tiles
1717,soft_pvc
1718,hard_tiles
1719,tiled
1720,fine_concrete
1721,tiled
1722,soft_pvc
1723,hard_tiles
1724,carpet
1725,soft_tiles
1726,fine_concrete
1727,carpet
1728,wood
1729,tiled
1730,hard_tiles
1731,fine_concrete
1732,fine_concrete
1733,hard_tiles
1734,soft_tiles
1735,carpet
1736,hard_tiles_large_space
1737,fine_concrete
1738,carpet
1739,soft_tiles
1740,soft_tiles
1741,tiled
1742,soft_pvc
1743,carpet
1744,soft_pvc
1745,hard_tiles
1746,fine_concrete
1747,soft_pvc
1748,tiled
1749,hard_tiles_large_space
1750,fine_concrete
1751,wood
1752,soft_tiles
1753,soft_tiles
1754,wood
1755,carpet
1756,fine_concrete
1757,soft_tiles
1758,hard_tiles
1759,hard_tiles
1760,wood
1761,fine_concrete
1762,concrete
1763,hard_tiles
1764,carpet
1765,carpet
1766,carpet
1767,hard_tiles_large_space
1768,carpet
1769,carpet
1770,carpet
1771,soft_pvc
1772,soft_pvc
1773,tiled
1774,wood
1775,hard_tiles
1776,soft_tiles
1777,soft_tiles
1778,hard_tiles
1779,concrete
1780,soft_tiles
1781,soft_pvc
1782,concrete
1783,fine_concrete
1784,tiled
1785,hard_tiles
1786,hard_tiles
1787,wood
1788,carpet
1789,soft_pvc
1790,fine_concrete
1791,wood
1792,soft_pvc
1793,soft_pvc
1794,hard_tiles_large_space
1795,fine_concrete
1796,soft_pvc
1797,soft_pvc
1798,tiled
1799,tiled
1800,hard_tiles
1801,hard_tiles
1802,tiled
1803,tiled
1804,soft_pvc
1805,soft_pvc
1806,hard_tiles_large_space
1807,concrete
1808,tiled
1809,tiled
1810,wood
1811,fine_concrete
1812,fine_concrete
1813,soft_tiles
1814,soft_pvc
1815,fine_concrete
1816,fine_concrete
1817,fine_concrete
1818,hard_tiles
1819,fine_concrete
1820,concrete
1821,hard_tiles_large_space
1822,tiled
1823,hard_tiles_large_space
1824,wood
1825,carpet
1826,fine_concrete
1827,soft_pvc
1828,hard_tiles_large_space
1829,hard_tiles_large_space
1830,wood
1831,wood
1832,hard_tiles_large_space
1833,fine_concrete
1834,carpet
1835,soft_tiles
1836,hard_tiles_large_space
1837,hard_tiles_large_space
1838,soft_tiles
1839,wood
1840,fine_concrete
1841,wood
1842,hard_tiles_large_space
1843,soft_tiles
1844,hard_tiles
1845,concrete
1846,fine_concrete
1847,fine_concrete
1848,hard_tiles
1849,carpet
1850,carpet
1851,hard_tiles_large_space
1852,concrete
1853,carpet
1854,soft_tiles
1855,hard_tiles_large_space
1856,wood
1857,hard_tiles_large_space
1858,tiled
1859,hard_tiles_large_space
1860,concrete
1861,hard_tiles_large_space
1862,tiled
1863,soft_pvc
1864,hard_tiles
1865,concrete
1866,carpet
1867,hard_tiles
1868,soft_pvc
1869,soft_tiles
1870,soft_pvc
1871,hard_tiles
1872,soft_tiles
1873,soft_tiles
1874,soft_tiles
1875,soft_pvc
1876,wood
1877,fine_concrete
1878,soft_pvc
1879,carpet
1880,soft_tiles
1881,soft_pvc
1882,soft_tiles
1883,wood
1884,soft_tiles
1885,hard_tiles_large_space
1886,hard_tiles_large_space
1887,soft_tiles
1888,fine_concrete
1889,wood
1890,fine_concrete
1891,hard_tiles_large_space
1892,hard_tiles_large_space
1893,soft_tiles
1894,tiled
1895,hard_tiles_large_space
1896,wood
1897,tiled
1898,fine_concrete
1899,hard_tiles_large_space
1900,fine_concrete
1901,hard_tiles_large_space
1902,wood
1903,tiled
1904,soft_tiles
1905,tiled
1906,soft_tiles
1907,hard_tiles_large_space
1908,soft_pvc
1909,hard_tiles
1910,concrete
1911,tiled
1912,wood
1913,tiled
1914,wood
1915,soft_pvc
1916,wood
1917,carpet
1918,hard_tiles
1919,soft_tiles
1920,carpet
1921,fine_concrete
1922,concrete
1923,wood
1924,hard_tiles
1925,tiled
1926,soft_pvc
1927,tiled
1928,soft_tiles
1929,soft_pvc
1930,concrete
1931,soft_pvc
1932,concrete
1933,hard_tiles_large_space
1934,concrete
1935,fine_concrete
1936,fine_concrete
1937,hard_tiles
1938,hard_tiles_large_space
1939,soft_pvc
1940,hard_tiles
1941,concrete
1942,wood
1943,soft_pvc
1944,concrete
1945,fine_concrete
1946,hard_tiles_large_space
1947,hard_tiles
1948,concrete
1949,hard_tiles_large_space
1950,wood
1951,concrete
1952,wood
1953,wood
1954,wood
1955,tiled
1956,hard_tiles_large_space
1957,soft_tiles
1958,hard_tiles
1959,hard_tiles_large_space
1960,carpet
1961,carpet
1962,hard_tiles_large_space
1963,wood
1964,concrete
1965,hard_tiles_large_space
1966,wood
1967,hard_tiles_large_space
1968,soft_tiles
1969,hard_tiles
1970,concrete
1971,fine_concrete
1972,hard_tiles_large_space
1973,fine_concrete
1974,soft_tiles
1975,soft_pvc
1976,soft_tiles
1977,fine_concrete
1978,hard_tiles
1979,soft_pvc
1980,hard_tiles
1981,hard_tiles_large_space
1982,carpet
1983,carpet
1984,tiled
1985,hard_tiles_large_space
1986,soft_tiles
1987,hard_tiles_large_space
1988,soft_pvc
1989,carpet
1990,carpet
1991,hard_tiles
1992,fine_concrete
1993,hard_tiles_large_space
1994,hard_tiles_large_space
1995,hard_tiles_large_space
1996,wood
1997,wood
1998,carpet
1999,soft_tiles
2000,wood
2001,wood
2002,soft_tiles
2003,carpet
2004,hard_tiles_large_space
2005,hard_tiles_large_space
2006,concrete
2007,wood
2008,concrete
2009,hard_tiles_large_space
2010,carpet
2011,concrete
2012,hard_tiles_large_space
2013,carpet
2014,fine_concrete
2015,fine_concrete
2016,tiled
2017,soft_pvc
2018,hard_tiles_large_space
2019,soft_tiles
2020,hard_tiles
2021,soft_tiles
2022,wood
2023,concrete
2024,fine_concrete
2025,hard_tiles_large_space
2026,carpet
2027,wood
2028,hard_tiles_large_space
2029,wood
2030,hard_tiles_large_space
2031,hard_tiles_large_space
2032,concrete
2033,hard_tiles_large_space
2034,hard_tiles_large_space
2035,soft_tiles
2036,hard_tiles_large_space
2037,carpet
2038,concrete
2039,soft_pvc
2040,hard_tiles_large_space
2041,concrete
2042,carpet
2043,hard_tiles_large_space
2044,concrete
2045,fine_concrete
2046,soft_tiles
2047,fine_concrete
2048,soft_tiles
2049,soft_tiles
2050,fine_concrete
2051,fine_concrete
2052,carpet
2053,hard_tiles_large_space
2054,tiled
2055,tiled
2056,carpet
2057,fine_concrete
2058,carpet
2059,concrete
2060,soft_pvc
2061,carpet
2062,tiled
2063,hard_tiles_large_space
2064,soft_tiles
2065,carpet
2066,hard_tiles
2067,wood
2068,concrete
2069,carpet
2070,wood
2071,carpet
2072,tiled
2073,hard_tiles
2074,hard_tiles
2075,hard_tiles_large_space
2076,fine_concrete
2077,concrete
2078,hard_tiles_large_space
2079,carpet
2080,concrete
2081,hard_tiles
2082,tiled
2083,hard_tiles_large_space
2084,hard_tiles_large_space
2085,concrete
2086,carpet
2087,soft_pvc
2088,hard_tiles
2089,wood
2090,hard_tiles_large_space
2091,hard_tiles_large_space
2092,soft_pvc
2093,hard_tiles_large_space
2094,soft_tiles
2095,carpet
2096,hard_tiles_large_space
2097,tiled
2098,wood
2099,soft_pvc
2100,tiled
2101,tiled
2102,tiled
2103,soft_tiles
2104,concrete
2105,soft_pvc
2106,wood
2107,hard_tiles
2108,concrete
2109,hard_tiles_large_space
2110,hard_tiles_large_space
2111,hard_tiles_large_space
2112,hard_tiles
2113,wood
2114,carpet
2115,concrete
2116,soft_tiles
2117,tiled
2118,fine_concrete
2119,concrete
2120,carpet
2121,concrete
2122,tiled
2123,hard_tiles
2124,soft_pvc
2125,soft_pvc
2126,wood
2127,hard_tiles_large_space
2128,carpet
2129,tiled
2130,concrete
2131,wood
2132,tiled
2133,soft_pvc
2134,wood
2135,wood
2136,wood
2137,wood
2138,hard_tiles
2139,fine_concrete
2140,fine_concrete
2141,soft_tiles
2142,hard_tiles_large_space
2143,concrete
2144,wood
2145,hard_tiles_large_space
2146,fine_concrete
2147,soft_tiles
2148,concrete
2149,wood
2150,concrete
2151,fine_concrete
2152,fine_concrete
2153,hard_tiles_large_space
2154,carpet
2155,concrete
2156,tiled
2157,soft_tiles
2158,soft_tiles
2159,tiled
2160,tiled
2161,carpet
2162,tiled
2163,concrete
2164,soft_pvc
2165,wood
2166,carpet
2167,hard_tiles_large_space
2168,soft_pvc
2169,hard_tiles
2170,soft_pvc
2171,wood
2172,soft_tiles
2173,hard_tiles_large_space
2174,hard_tiles
2175,soft_tiles
2176,wood
2177,wood
2178,soft_pvc
2179,carpet
2180,fine_concrete
2181,fine_concrete
2182,carpet
2183,hard_tiles_large_space
2184,soft_pvc
2185,soft_tiles
2186,soft_pvc
2187,carpet
2188,soft_pvc
2189,soft_tiles
2190,hard_tiles_large_space
2191,hard_tiles_large_space
2192,fine_concrete
2193,soft_tiles
2194,wood
2195,tiled
2196,tiled
2197,concrete
2198,soft_tiles
2199,hard_tiles
2200,hard_tiles
2201,carpet
2202,fine_concrete
2203,carpet
2204,carpet
2205,hard_tiles_large_space
2206,soft_tiles
2207,tiled
2208,hard_tiles
2209,concrete
2210,fine_concrete
2211,soft_pvc
2212,concrete
2213,soft_pvc
2214,concrete
2215,hard_tiles
2216,hard_tiles_large_space
2217,tiled
2218,fine_concrete
2219,tiled
2220,wood
2221,hard_tiles
2222,wood
2223,soft_pvc
2224,wood
2225,soft_tiles
2226,soft_pvc
2227,carpet
2228,carpet
2229,fine_concrete
2230,soft_pvc
2231,hard_tiles
2232,wood
2233,hard_tiles
2234,fine_concrete
2235,fine_concrete
2236,fine_concrete
2237,concrete
2238,soft_pvc
2239,wood
2240,hard_tiles
2241,concrete
2242,carpet
2243,carpet
2244,soft_pvc
2245,hard_tiles
2246,concrete
2247,wood
2248,tiled
2249,hard_tiles
2250,soft_tiles
2251,wood
2252,tiled
2253,fine_concrete
2254,soft_pvc
2255,tiled
2256,carpet
2257,concrete
2258,hard_tiles_large_space
2259,soft_tiles
2260,fine_concrete
2261,soft_pvc
2262,tiled
2263,wood
2264,hard_tiles
2265,soft_tiles
2266,concrete
2267,soft_pvc
2268,soft_tiles
2269,fine_concrete
2270,soft_pvc
2271,wood
2272,soft_tiles
2273,wood
2274,soft_tiles
2275,tiled
2276,soft_pvc
2277,carpet
2278,fine_concrete
2279,soft_pvc
2280,wood
2281,soft_tiles
2282,fine_concrete
2283,soft_pvc
2284,hard_tiles_large_space
2285,hard_tiles_large_space
2286,tiled
2287,tiled
2288,concrete
2289,soft_pvc
2290,concrete
2291,wood
2292,carpet
2293,fine_concrete
2294,tiled
2295,wood
2296,soft_tiles
2297,soft_pvc
2298,carpet
2299,hard_tiles_large_space
2300,tiled
2301,soft_pvc
2302,tiled
2303,carpet
2304,soft_pvc
2305,hard_tiles
2306,concrete
2307,tiled
2308,hard_tiles
2309,carpet
2310,wood
2311,carpet
2312,carpet
2313,carpet
2314,wood
2315,hard_tiles_large_space
2316,hard_tiles
2317,tiled
2318,tiled
2319,fine_concrete
2320,soft_tiles
2321,soft_tiles
2322,tiled
2323,soft_pvc
2324,hard_tiles_large_space
2325,concrete
2326,tiled
2327,concrete
2328,hard_tiles
2329,fine_concrete
2330,concrete
2331,carpet
2332,concrete
2333,hard_tiles
2334,hard_tiles_large_space
2335,hard_tiles_large_space
2336,soft_pvc
2337,concrete
2338,hard_tiles
2339,hard_tiles
2340,wood
2341,hard_tiles
2342,soft_pvc
2343,wood
2344,fine_concrete
2345,fine_concrete
2346,soft_pvc
2347,wood
2348,tiled
2349,soft_pvc
2350,soft_tiles
2351,concrete
2352,hard_tiles_large_space
2353,soft_pvc
2354,hard_tiles_large_space
2355,hard_tiles_large_space
2356,hard_tiles
2357,carpet
2358,wood
2359,tiled
2360,soft_tiles
2361,wood
2362,hard_tiles
2363,hard_tiles_large_space
2364,fine_concrete
2365,carpet
2366,carpet
2367,carpet
2368,soft_pvc
2369,concrete
2370,fine_concrete
2371,soft_pvc
2372,wood
2373,tiled
2374,hard_tiles_large_space
2375,fine_concrete
2376,hard_tiles
2377,carpet
2378,fine_concrete
2379,carpet
2380,carpet
2381,tiled
2382,wood
2383,fine_concrete
2384,fine_concrete
2385,concrete
2386,fine_concrete
2387,fine_concrete
2388,carpet
2389,hard_tiles_large_space
2390,tiled
2391,wood
2392,hard_tiles_large_space
2393,carpet
2394,hard_tiles
2395,concrete
2396,soft_tiles
2397,tiled
2398,hard_tiles_large_space
2399,tiled
2400,fine_concrete
2401,hard_tiles
2402,hard_tiles_large_space
2403,wood
2404,tiled
2405,soft_pvc
2406,wood
2407,hard_tiles
2408,soft_tiles
2409,fine_concrete
2410,wood
2411,tiled
2412,hard_tiles
2413,soft_pvc
2414,hard_tiles
2415,concrete
2416,fine_concrete
2417,concrete
2418,soft_pvc
2419,tiled
2420,concrete
2421,carpet
2422,fine_concrete
2423,wood
2424,hard_tiles_large_space
2425,concrete
2426,tiled
2427,concrete
2428,wood
2429,wood
2430,concrete
2431,soft_tiles
2432,tiled
2433,soft_pvc
2434,fine_concrete
2435,soft_tiles
2436,soft_tiles
2437,soft_pvc
2438,concrete
2439,wood
2440,carpet
2441,wood
2442,fine_concrete
2443,soft_tiles
2444,soft_tiles
2445,hard_tiles_large_space
2446,soft_pvc
2447,hard_tiles
2448,tiled
2449,concrete
2450,tiled
2451,soft_tiles
2452,tiled
2453,fine_concrete
2454,hard_tiles
2455,hard_tiles
2456,wood
2457,carpet
2458,carpet
2459,carpet
2460,fine_concrete
2461,wood
2462,hard_tiles_large_space
2463,wood
2464,fine_concrete
2465,soft_tiles
2466,tiled
2467,soft_tiles
2468,hard_tiles
2469,tiled
2470,tiled
2471,soft_pvc
2472,hard_tiles_large_space
2473,wood
2474,soft_pvc
2475,concrete
2476,fine_concrete
2477,hard_tiles
2478,carpet
2479,fine_concrete
2480,soft_tiles
2481,fine_concrete
2482,carpet
2483,hard_tiles_large_space
2484,hard_tiles
2485,wood
2486,hard_tiles
2487,soft_pvc
2488,hard_tiles
2489,soft_tiles
2490,concrete
2491,concrete
2492,soft_tiles
2493,hard_tiles_large_space
2494,fine_concrete
2495,carpet
2496,fine_concrete
2497,hard_tiles_large_space
2498,soft_pvc
2499,hard_tiles_large_space
2500,soft_pvc
2501,carpet
2502,hard_tiles
2503,hard_tiles_large_space
2504,hard_tiles_large_space
2505,soft_tiles
2506,soft_tiles
2507,wood
2508,soft_tiles
2509,concrete
2510,concrete
2511,hard_tiles
2512,soft_pvc
2513,soft_pvc
2514,soft_tiles
2515,soft_tiles
2516,hard_tiles
2517,wood
2518,wood
2519,tiled
2520,soft_pvc
2521,tiled
2522,concrete
2523,fine_concrete
2524,hard_tiles
2525,concrete
2526,tiled
2527,fine_concrete
2528,concrete
2529,tiled
2530,wood
2531,wood
2532,carpet
2533,fine_concrete
2534,soft_pvc
2535,carpet
2536,soft_tiles
2537,soft_pvc
2538,hard_tiles
2539,carpet
2540,hard_tiles
2541,tiled
2542,wood
2543,hard_tiles
2544,fine_concrete
2545,soft_tiles
2546,soft_pvc
2547,hard_tiles_large_space
2548,fine_concrete
2549,concrete
2550,hard_tiles_large_space
2551,tiled
2552,hard_tiles
2553,soft_tiles
2554,soft_pvc
2555,hard_tiles
2556,hard_tiles
2557,tiled
2558,soft_pvc
2559,fine_concrete
2560,concrete
2561,fine_concrete
2562,hard_tiles_large_space
2563,fine_concrete
2564,soft_pvc
2565,soft_tiles
2566,soft_tiles
2567,carpet
2568,concrete
2569,soft_pvc
2570,wood
2571,fine_concrete
2572,tiled
2573,tiled
2574,soft_pvc
2575,hard_tiles
2576,tiled
2577,tiled
2578,wood
2579,hard_tiles
2580,soft_pvc
2581,wood
2582,hard_tiles_large_space
2583,hard_tiles_large_space
2584,fine_concrete
2585,tiled
2586,soft_tiles
2587,fine_concrete
2588,hard_tiles_large_space
2589,hard_tiles_large_space
2590,soft_tiles
2591,hard_tiles_large_space
2592,hard_tiles
2593,concrete
2594,soft_tiles
2595,soft_pvc
2596,hard_tiles
2597,soft_pvc
2598,tiled
2599,fine_concrete
2600,tiled
2601,soft_tiles
2602,wood
2603,hard_tiles
2604,tiled
2605,fine_concrete
2606,soft_pvc
2607,fine_concrete
2608,carpet
2609,carpet
2610,hard_tiles_large_space
2611,soft_pvc
2612,fine_concrete
2613,carpet
2614,concrete
2615,wood
2616,tiled
2617,carpet
2618,wood
2619,hard_tiles
2620,wood
2621,concrete
2622,wood
2623,tiled
2624,wood
2625,carpet
2626,fine_concrete
2627,soft_pvc
2628,carpet
2629,hard_tiles
2630,tiled
2631,hard_tiles_large_space
2632,concrete
2633,hard_tiles_large_space
2634,hard_tiles
2635,soft_pvc
2636,tiled
2637,concrete
2638,soft_tiles
2639,hard_tiles
2640,soft_pvc
2641,soft_tiles
2642,carpet
2643,tiled
2644,soft_pvc
2645,concrete
2646,hard_tiles
2647,concrete
2648,soft_pvc
2649,wood
2650,soft_tiles
2651,soft_tiles
2652,soft_pvc
2653,hard_tiles_large_space
2654,tiled
2655,wood
2656,carpet
2657,fine_concrete
2658,fine_concrete
2659,wood
2660,hard_tiles_large_space
2661,tiled
2662,tiled
2663,hard_tiles_large_space
2664,wood
2665,carpet
2666,soft_pvc
2667,soft_pvc
2668,soft_pvc
2669,tiled
2670,soft_tiles
2671,concrete
2672,concrete
2673,hard_tiles_large_space
2674,hard_tiles_large_space
2675,tiled
2676,soft_tiles
2677,fine_concrete
2678,soft_tiles
2679,fine_concrete
2680,fine_concrete
2681,hard_tiles
2682,concrete
2683,carpet
2684,carpet
2685,tiled
2686,tiled
2687,hard_tiles
2688,concrete
2689,concrete
2690,hard_tiles
2691,soft_tiles
2692,soft_tiles
2693,carpet
2694,carpet
2695,tiled
2696,carpet
2697,carpet
2698,fine_concrete
2699,concrete
2700,hard_tiles_large_space
2701,soft_pvc
2702,wood
2703,soft_pvc
2704,tiled
2705,carpet
2706,carpet
2707,wood
2708,hard_tiles_large_space
2709,wood
2710,hard_tiles_large_space
2711,fine_concrete
2712,fine_concrete
2713,tiled
2714,carpet
2715,hard_tiles_large_space
2716,tiled
2717,tiled
2718,concrete
2719,soft_pvc
2720,hard_tiles_large_space
2721,soft_tiles
2722,hard_tiles_large_space
2723,fine_concrete
2724,fine_concrete
2725,soft_tiles
2726,fine_concrete
2727,wood
2728,soft_pvc
2729,carpet
2730,hard_tiles_large_space
2731,concrete
2732,wood
2733,carpet
2734,fine_concrete
2735,concrete
2736,carpet
2737,tiled
2738,carpet
2739,wood
2740,hard_tiles
2741,hard_tiles
2742,fine_concrete
2743,concrete
2744,carpet
2745,concrete
2746,fine_concrete
2747,soft_pvc
2748,carpet
2749,wood
2750,concrete
2751,fine_concrete
2752,soft_pvc
2753,fine_concrete
2754,hard_tiles
2755,soft_pvc
2756,hard_tiles
2757,hard_tiles_large_space
2758,soft_tiles
2759,tiled
2760,tiled
2761,hard_tiles_large_space
2762,fine_concrete
2763,wood
2764,fine_concrete
2765,tiled
2766,soft_tiles
2767,soft_tiles
2768,carpet
2769,soft_pvc
2770,concrete
2771,fine_concrete
2772,carpet
2773,hard_tiles
2774,soft_pvc
2775,soft_tiles
2776,soft_pvc
2777,hard_tiles_large_space
2778,wood
2779,concrete
2780,hard_tiles
2781,fine_concrete
2782,fine_concrete
2783,soft_pvc
2784,fine_concrete
2785,fine_concrete
2786,carpet
2787,concrete
2788,soft_tiles
2789,concrete
2790,soft_tiles
2791,hard_tiles
2792,concrete
2793,hard_tiles_large_space
2794,soft_tiles
2795,wood
2796,carpet
2797,hard_tiles
2798,tiled
2799,soft_tiles
2800,carpet
2801,fine_concrete
2802,hard_tiles_large_space
2803,fine_concrete
2804,hard_tiles
2805,hard_tiles_large_space
2806,fine_concrete
2807,hard_tiles_large_space
2808,hard_tiles_large_space
2809,concrete
2810,hard_tiles
2811,hard_tiles_large_space
2812,hard_tiles
2813,soft_pvc
2814,wood
2815,carpet
2816,carpet
2817,hard_tiles_large_space
2818,soft_tiles
2819,soft_pvc
2820,hard_tiles
2821,tiled
2822,soft_pvc
2823,hard_tiles
2824,soft_pvc
2825,soft_tiles
2826,fine_concrete
2827,hard_tiles
2828,fine_concrete
2829,soft_pvc
2830,tiled
2831,concrete
2832,wood
2833,tiled
2834,soft_tiles
2835,soft_tiles
2836,hard_tiles
2837,soft_pvc
2838,fine_concrete
2839,wood
2840,tiled
2841,soft_pvc
2842,tiled
2843,hard_tiles_large_space
2844,soft_tiles
2845,tiled
2846,wood
2847,hard_tiles_large_space
2848,fine_concrete
2849,wood
2850,hard_tiles
2851,hard_tiles_large_space
2852,carpet
2853,hard_tiles
2854,hard_tiles
2855,hard_tiles_large_space
2856,wood
2857,tiled
2858,hard_tiles
2859,hard_tiles
2860,tiled
2861,fine_concrete
2862,tiled
2863,carpet
2864,carpet
2865,hard_tiles_large_space
2866,soft_tiles
2867,hard_tiles_large_space
2868,soft_tiles
2869,soft_pvc
2870,soft_pvc
2871,carpet
2872,soft_pvc
2873,carpet
2874,carpet
2875,tiled
2876,tiled
2877,fine_concrete
2878,tiled
2879,tiled
2880,soft_tiles
2881,hard_tiles
2882,tiled
2883,fine_concrete
2884,carpet
2885,soft_tiles
2886,soft_tiles
2887,carpet
2888,carpet
2889,fine_concrete
2890,tiled
2891,concrete
2892,soft_tiles
2893,tiled
2894,soft_tiles
2895,hard_tiles_large_space
2896,wood
2897,hard_tiles
2898,hard_tiles
2899,soft_pvc
2900,soft_tiles
2901,hard_tiles
2902,hard_tiles_large_space
2903,carpet
2904,soft_pvc
2905,tiled
2906,soft_tiles
2907,hard_tiles
2908,fine_concrete
2909,wood
2910,wood
2911,concrete
2912,fine_concrete
2913,fine_concrete
2914,fine_concrete
2915,concrete
2916,wood
2917,fine_concrete
2918,fine_concrete
2919,fine_concrete
2920,soft_pvc
2921,soft_pvc
2922,hard_tiles
2923,hard_tiles
2924,hard_tiles_large_space
2925,wood
2926,soft_tiles
2927,hard_tiles_large_space
2928,soft_tiles
2929,fine_concrete
2930,concrete
2931,hard_tiles_large_space
2932,soft_tiles
2933,carpet
2934,carpet
2935,soft_pvc
2936,wood
2937,soft_pvc
2938,soft_pvc
2939,wood
2940,carpet
2941,tiled
2942,soft_pvc
2943,hard_tiles_large_space
2944,soft_tiles
2945,soft_pvc
2946,fine_concrete
2947,hard_tiles
2948,tiled
2949,soft_pvc
2950,hard_tiles
2951,soft_tiles
2952,fine_concrete
2953,fine_concrete
2954,hard_tiles
2955,carpet
2956,wood
2957,carpet
2958,wood
2959,carpet
2960,hard_tiles_large_space
2961,hard_tiles_large_space
2962,hard_tiles
2963,wood
2964,concrete
2965,tiled
2966,tiled
2967,soft_pvc
2968,soft_pvc
2969,hard_tiles_large_space
2970,fine_concrete
2971,wood
2972,hard_tiles
2973,tiled
2974,soft_pvc
2975,soft_pvc
2976,soft_pvc
2977,wood
2978,soft_tiles
2979,wood
2980,soft_pvc
2981,wood
2982,concrete
2983,fine_concrete
2984,concrete
2985,fine_concrete
2986,soft_tiles
2987,hard_tiles_large_space
2988,wood
2989,hard_tiles_large_space
2990,soft_tiles
2991,tiled
2992,hard_tiles
2993,wood
2994,fine_concrete
2995,fine_concrete
2996,soft_pvc
2997,tiled
2998,wood
2999,carpet
3000,hard_tiles
3001,concrete
3002,concrete
3003,soft_pvc
3004,wood
3005,wood
3006,wood
3007,concrete
3008,soft_pvc
3009,hard_tiles
3010,carpet
3011,wood
3012,tiled
3013,concrete
3014,fine_concrete
3015,soft_tiles
3016,hard_tiles_large_space
3017,concrete
3018,soft_tiles
3019,wood
3020,soft_tiles
3021,hard_tiles
3022,soft_tiles
3023,tiled
3024,concrete
3025,concrete
3026,carpet
3027,soft_pvc
3028,carpet
3029,tiled
3030,tiled
3031,fine_concrete
3032,hard_tiles
3033,carpet
3034,fine_concrete
3035,carpet
3036,carpet
3037,hard_tiles
3038,carpet
3039,fine_concrete
3040,hard_tiles_large_space
3041,hard_tiles
3042,tiled
3043,tiled
3044,carpet
3045,soft_tiles
3046,wood
3047,soft_pvc
3048,fine_concrete
3049,carpet
3050,tiled
3051,carpet
3052,carpet
3053,wood
3054,fine_concrete
3055,fine_concrete
3056,hard_tiles_large_space
3057,wood
3058,concrete
3059,soft_tiles
3060,fine_concrete
3061,soft_tiles
3062,wood
3063,concrete
3064,tiled
3065,wood
3066,soft_tiles
3067,hard_tiles
3068,soft_pvc
3069,tiled
3070,hard_tiles
3071,soft_pvc
3072,hard_tiles
3073,soft_tiles
3074,hard_tiles_large_space
3075,hard_tiles
3076,hard_tiles_large_space
3077,soft_tiles
3078,wood
3079,concrete
3080,carpet
3081,tiled
3082,tiled
3083,fine_concrete
3084,hard_tiles
3085,tiled
3086,concrete
3087,hard_tiles_large_space
3088,soft_tiles
3089,hard_tiles_large_space
3090,soft_pvc
3091,soft_pvc
3092,wood
3093,hard_tiles
3094,tiled
3095,carpet
3096,carpet
3097,tiled
3098,carpet
3099,soft_tiles
3100,tiled
3101,wood
3102,soft_pvc
3103,hard_tiles
3104,concrete
3105,soft_tiles
3106,fine_concrete
3107,fine_concrete
3108,tiled
3109,hard_tiles_large_space
3110,soft_tiles
3111,tiled
3112,tiled
3113,concrete
3114,hard_tiles
3115,concrete
3116,wood
3117,concrete
3118,carpet
3119,carpet
3120,hard_tiles
3121,fine_concrete
3122,fine_concrete
3123,concrete
3124,tiled
3125,tiled
3126,soft_pvc
3127,soft_pvc
3128,hard_tiles
3129,fine_concrete
3130,wood
3131,soft_tiles
3132,fine_concrete
3133,soft_pvc
3134,hard_tiles_large_space
3135,wood
3136,hard_tiles_large_space
3137,soft_tiles
3138,soft_tiles
3139,fine_concrete
3140,fine_concrete
3141,fine_concrete
3142,concrete
3143,wood
3144,hard_tiles_large_space
3145,hard_tiles
3146,concrete
3147,fine_concrete
3148,tiled
3149,carpet
3150,hard_tiles
3151,carpet
3152,soft_pvc
3153,soft_tiles
3154,carpet
3155,fine_concrete
3156,soft_pvc
3157,soft_pvc
3158,soft_pvc
3159,concrete
3160,soft_pvc
3161,fine_concrete
3162,tiled
3163,soft_tiles
3164,soft_pvc
3165,wood
3166,concrete
3167,soft_tiles
3168,tiled
3169,carpet
3170,carpet
3171,soft_tiles
3172,soft_tiles
3173,fine_concrete
3174,hard_tiles_large_space
3175,tiled
3176,hard_tiles
3177,concrete
3178,tiled
3179,soft_pvc
3180,hard_tiles_large_space
3181,soft_tiles
3182,soft_tiles
3183,tiled
3184,hard_tiles_large_space
3185,tiled
3186,concrete
3187,carpet
3188,hard_tiles_large_space
3189,hard_tiles
3190,tiled
3191,wood
3192,concrete
3193,soft_pvc
3194,wood
3195,soft_tiles
3196,carpet
3197,wood
3198,carpet
3199,carpet
3200,tiled
3201,fine_concrete
3202,hard_tiles
3203,hard_tiles_large_space
3204,soft_tiles
3205,tiled
3206,carpet
3207,tiled
3208,tiled
3209,wood
3210,hard_tiles_large_space
3211,soft_pvc
3212,hard_tiles
3213,wood
3214,concrete
3215,soft_pvc
3216,concrete
3217,soft_pvc
3218,hard_tiles_large_space
3219,soft_tiles
3220,fine_concrete
3221,soft_tiles
3222,soft_tiles
3223,tiled
3224,carpet
3225,hard_tiles_large_space
3226,wood
3227,carpet
3228,hard_tiles
3229,fine_concrete
3230,hard_tiles
3231,wood
3232,fine_concrete
3233,soft_pvc
3234,fine_concrete
3235,concrete
3236,hard_tiles
3237,tiled
3238,wood
3239,fine_concrete
3240,hard_tiles_large_space
3241,wood
3242,tiled
3243,hard_tiles_large_space
3244,hard_tiles
3245,soft_tiles
3246,tiled
3247,wood
3248,concrete
3249,soft_pvc
3250,hard_tiles_large_space
3251,soft_tiles
3252,soft_pvc
3253,soft_pvc
3254,fine_concrete
3255,hard_tiles_large_space
3256,fine_concrete
3257,tiled
3258,concrete
3259,concrete
3260,concrete
3261,carpet
3262,soft_pvc
3263,hard_tiles
3264,tiled
3265,concrete
3266,tiled
3267,carpet
3268,concrete
3269,tiled
3270,soft_pvc
3271,soft_tiles
3272,hard_tiles
3273,concrete
3274,concrete
3275,tiled
3276,tiled
3277,soft_tiles
3278,wood
3279,soft_pvc
3280,wood
3281,soft_tiles
3282,wood
3283,soft_tiles
3284,soft_pvc
3285,carpet
3286,soft_tiles
3287,carpet
3288,tiled
3289,soft_tiles
3290,fine_concrete
3291,wood
3292,carpet
3293,soft_pvc
3294,tiled
3295,soft_tiles
3296,tiled
3297,carpet
3298,soft_tiles
3299,soft_pvc
3300,soft_tiles
3301,concrete
3302,tiled
3303,tiled
3304,carpet
3305,hard_tiles_large_space
3306,soft_tiles
3307,tiled
3308,soft_tiles
3309,hard_tiles
3310,concrete
3311,fine_concrete
3312,tiled
3313,hard_tiles_large_space
3314,soft_pvc
3315,tiled
3316,concrete
3317,fine_concrete
3318,soft_tiles
3319,wood
3320,carpet
3321,wood
3322,hard_tiles
3323,fine_concrete
3324,soft_tiles
3325,hard_tiles_large_space
3326,wood
3327,soft_tiles
3328,soft_tiles
3329,fine_concrete
3330,wood
3331,soft_tiles
3332,soft_pvc
3333,carpet
3334,carpet
3335,concrete
3336,soft_pvc
3337,concrete
3338,soft_pvc
3339,soft_pvc
3340,hard_tiles_large_space
3341,fine_concrete
3342,concrete
3343,hard_tiles
3344,concrete
3345,hard_tiles_large_space
3346,tiled
3347,hard_tiles_large_space
3348,hard_tiles
3349,hard_tiles
3350,carpet
3351,carpet
3352,tiled
3353,soft_tiles
3354,soft_pvc
3355,wood
3356,carpet
3357,concrete
3358,fine_concrete
3359,wood
3360,hard_tiles
3361,fine_concrete
3362,fine_concrete
3363,concrete
3364,hard_tiles
3365,wood
3366,hard_tiles
3367,soft_pvc
3368,soft_tiles
3369,carpet
3370,hard_tiles
3371,soft_pvc
3372,soft_tiles
3373,soft_tiles
3374,fine_concrete
3375,soft_tiles
3376,wood
3377,hard_tiles_large_space
3378,soft_tiles
3379,fine_concrete
3380,tiled
3381,fine_concrete
3382,carpet
3383,fine_concrete
3384,hard_tiles_large_space
3385,concrete
3386,fine_concrete
3387,tiled
3388,tiled
3389,fine_concrete
3390,wood
3391,soft_pvc
3392,tiled
3393,soft_pvc
3394,tiled
3395,tiled
3396,hard_tiles_large_space
3397,hard_tiles
3398,fine_concrete
3399,carpet
3400,concrete
3401,hard_tiles
3402,concrete
3403,hard_tiles
3404,soft_tiles
3405,concrete
3406,soft_tiles
3407,soft_pvc
3408,hard_tiles_large_space
3409,carpet
3410,carpet
3411,concrete
3412,concrete
3413,soft_tiles
3414,soft_tiles
3415,soft_tiles
3416,soft_pvc
3417,hard_tiles
3418,concrete
3419,fine_concrete
3420,hard_tiles
3421,wood
3422,fine_concrete
3423,fine_concrete
3424,carpet
3425,wood
3426,wood
3427,carpet
3428,concrete
3429,tiled
3430,carpet
3431,wood
3432,hard_tiles
3433,soft_tiles
3434,carpet
3435,hard_tiles_large_space
3436,soft_pvc
3437,tiled
3438,soft_tiles
3439,carpet
3440,tiled
3441,fine_concrete
3442,wood
3443,wood
3444,soft_tiles
3445,concrete
3446,carpet
3447,fine_concrete
3448,fine_concrete
3449,hard_tiles
3450,soft_pvc
3451,tiled
3452,hard_tiles
3453,soft_pvc
3454,fine_concrete
3455,soft_tiles
3456,fine_concrete
3457,hard_tiles
3458,wood
3459,soft_tiles
3460,tiled
3461,soft_pvc
3462,concrete
3463,soft_tiles
3464,carpet
3465,wood
3466,wood
3467,soft_tiles
3468,hard_tiles_large_space
3469,tiled
3470,hard_tiles_large_space
3471,fine_concrete
3472,carpet
3473,fine_concrete
3474,concrete
3475,concrete
3476,soft_tiles
3477,fine_concrete
3478,wood
3479,soft_tiles
3480,concrete
3481,soft_tiles
3482,fine_concrete
3483,carpet
3484,hard_tiles_large_space
3485,hard_tiles
3486,hard_tiles
3487,hard_tiles_large_space
3488,carpet
3489,soft_tiles
3490,soft_pvc
3491,soft_pvc
3492,carpet
3493,carpet
3494,carpet
3495,concrete
3496,fine_concrete
3497,hard_tiles
3498,tiled
3499,concrete
3500,soft_tiles
3501,concrete
3502,soft_pvc
3503,carpet
3504,hard_tiles
3505,hard_tiles
3506,carpet
3507,carpet
3508,wood
3509,concrete
3510,carpet
3511,fine_concrete
3512,hard_tiles_large_space
3513,concrete
3514,soft_pvc
3515,hard_tiles_large_space
3516,fine_concrete
3517,carpet
3518,hard_tiles_large_space
3519,carpet
3520,hard_tiles
3521,fine_concrete
3522,fine_concrete
3523,tiled
3524,soft_pvc
3525,carpet
3526,hard_tiles_large_space
3527,fine_concrete
3528,tiled
3529,wood
3530,wood
3531,hard_tiles_large_space
3532,tiled
3533,hard_tiles
3534,tiled
3535,hard_tiles_large_space
3536,wood
3537,soft_tiles
3538,wood
3539,fine_concrete
3540,tiled
3541,hard_tiles
3542,carpet
3543,soft_pvc
3544,soft_tiles
3545,tiled
3546,hard_tiles_large_space
3547,soft_tiles
3548,soft_pvc
3549,soft_tiles
3550,soft_tiles
3551,soft_pvc
3552,concrete
3553,wood
3554,soft_pvc
3555,hard_tiles_large_space
3556,concrete
3557,carpet
3558,hard_tiles
3559,hard_tiles_large_space
3560,carpet
3561,wood
3562,soft_tiles
3563,hard_tiles_large_space
3564,soft_tiles
3565,wood
3566,carpet
3567,concrete
3568,hard_tiles
3569,hard_tiles
3570,soft_pvc
3571,soft_pvc
3572,soft_tiles
3573,soft_pvc
3574,carpet
3575,soft_tiles
3576,tiled
3577,wood
3578,hard_tiles
3579,hard_tiles_large_space
3580,soft_tiles
3581,concrete
3582,tiled
3583,concrete
3584,soft_pvc
3585,concrete
3586,hard_tiles
3587,carpet
3588,fine_concrete
3589,hard_tiles_large_space
3590,soft_pvc
3591,wood
3592,concrete
3593,hard_tiles_large_space
3594,hard_tiles_large_space
3595,soft_tiles
3596,tiled
3597,hard_tiles
3598,soft_tiles
3599,carpet
3600,wood
3601,hard_tiles
3602,carpet
3603,tiled
3604,soft_tiles
3605,wood
3606,hard_tiles
3607,hard_tiles_large_space
3608,soft_pvc
3609,concrete
3610,soft_pvc
3611,tiled
3612,soft_pvc
3613,soft_pvc
3614,hard_tiles_large_space
3615,concrete
3616,tiled
3617,carpet
3618,soft_pvc
3619,carpet
3620,soft_pvc
3621,soft_tiles
3622,hard_tiles_large_space
3623,concrete
3624,tiled
3625,tiled
3626,tiled
3627,carpet
3628,soft_pvc
3629,wood
3630,soft_tiles
3631,hard_tiles_large_space
3632,soft_pvc
3633,hard_tiles
3634,concrete
3635,wood
3636,wood
3637,tiled
3638,soft_tiles
3639,wood
3640,carpet
3641,carpet
3642,carpet
3643,wood
3644,hard_tiles_large_space
3645,concrete
3646,tiled
3647,wood
3648,wood
3649,concrete
3650,hard_tiles
3651,soft_tiles
3652,tiled
3653,fine_concrete
3654,hard_tiles
3655,hard_tiles
3656,soft_pvc
3657,hard_tiles
3658,hard_tiles_large_space
3659,tiled
3660,concrete
3661,concrete
3662,soft_tiles
3663,tiled
3664,carpet
3665,carpet
3666,wood
3667,concrete
3668,soft_tiles
3669,soft_pvc
3670,fine_concrete
3671,soft_pvc
3672,carpet
3673,soft_pvc
3674,soft_tiles
3675,hard_tiles
3676,wood
3677,carpet
3678,tiled
3679,wood
3680,wood
3681,wood
3682,soft_pvc
3683,carpet
3684,carpet
3685,soft_pvc
3686,wood
3687,hard_tiles
3688,fine_concrete
3689,carpet
3690,fine_concrete
3691,tiled
3692,tiled
3693,soft_tiles
3694,carpet
3695,tiled
3696,tiled
3697,concrete
3698,soft_tiles
3699,fine_concrete
3700,soft_pvc
3701,fine_concrete
3702,soft_tiles
3703,hard_tiles_large_space
3704,wood
3705,tiled
3706,concrete
3707,hard_tiles
3708,wood
3709,soft_tiles
3710,concrete
3711,tiled
3712,soft_tiles
3713,fine_concrete
3714,concrete
3715,hard_tiles_large_space
3716,hard_tiles
3717,tiled
3718,hard_tiles
3719,hard_tiles_large_space
3720,concrete
3721,concrete
3722,tiled
3723,fine_concrete
3724,fine_concrete
3725,wood
3726,hard_tiles
3727,soft_pvc
3728,soft_tiles
3729,tiled
3730,soft_pvc
3731,concrete
3732,soft_tiles
3733,soft_pvc
3734,fine_concrete
3735,concrete
3736,hard_tiles
3737,soft_pvc
3738,wood
3739,hard_tiles_large_space
3740,wood
3741,hard_tiles_large_space
3742,soft_tiles
3743,concrete
3744,carpet
3745,soft_tiles
3746,soft_pvc
3747,soft_pvc
3748,tiled
3749,concrete
3750,concrete
3751,soft_tiles
3752,hard_tiles
3753,concrete
3754,hard_tiles
3755,tiled
3756,fine_concrete
3757,hard_tiles
3758,fine_concrete
3759,fine_concrete
3760,fine_concrete
3761,concrete
3762,soft_tiles
3763,tiled
3764,concrete
3765,hard_tiles
3766,wood
3767,fine_concrete
3768,hard_tiles_large_space
3769,fine_concrete
3770,tiled
3771,concrete
3772,soft_pvc
3773,wood
3774,carpet
3775,fine_concrete
3776,soft_tiles
3777,tiled
3778,concrete
3779,soft_pvc
3780,carpet
3781,wood
3782,soft_tiles
3783,tiled
3784,hard_tiles
3785,carpet
3786,hard_tiles
3787,hard_tiles
3788,tiled
3789,tiled
3790,hard_tiles_large_space
3791,soft_tiles
3792,hard_tiles
3793,hard_tiles
3794,fine_concrete
3795,concrete
3796,wood
3797,fine_concrete
3798,hard_tiles_large_space
3799,wood
3800,soft_pvc
3801,tiled
3802,tiled
3803,fine_concrete
3804,carpet
3805,hard_tiles_large_space
3806,soft_tiles
3807,fine_concrete
3808,concrete
3809,soft_tiles
3810,soft_pvc
3811,wood
3812,wood
3813,wood
3814,soft_pvc
3815,concrete
